#index_id,index
TruSeq_Index1,ATCACG
TruSeq_Index2,CGATGT
TruSeq_Index3,TTAGGC
TruSeq_Index4,TGACCA
TruSeq_Index5,ACAGTG
TruSeq_Index6,GCCAAT
TruSeq_Index7,CAGATC
TruSeq_Index8,ACTTGA
TruSeq_Index9,GATCAG
TruSeq_Index10,TAGCTT
TruSeq_Index11,GGCTAC
TruSeq_Index12,CTTGTA
TruSeq_Index13,AGTCAA
TruSeq_Index14,AGTTCC
TruSeq_Index15,ATGTCA
TruSeq_Index16,CCGTCC
TruSeq_Index17,GTAGAG
TruSeq_Index18,GTCCGC
TruSeq_Index19,GTGAAA
TruSeq_Index20,GTGGCC
TruSeq_Index21,GTTTCG
TruSeq_Index22,CGTACG
TruSeq_Index23,GAGTGG
TruSeq_Index24,GGTAGC
TruSeq_Index25,ACTGAT
TruSeq_Index26,ATGAGC
TruSeq_Index27,ATTCCT
TruSeq_Index28,CAAAAG
TruSeq_Index29,CAACTA
TruSeq_Index30,CACCGG
TruSeq_Index31,CACGAT
TruSeq_Index32,CACTCA
TruSeq_Index33,CAGGCG
TruSeq_Index34,CATGGC
TruSeq_Index35,CATTTT
TruSeq_Index36,CCAACA
TruSeq_Index37,CGGAAT
TruSeq_Index38,CTAGCT
TruSeq_Index39,CTATAC
TruSeq_Index40,CTCAGA
TruSeq_Index41,GACGAC
TruSeq_Index42,TAATCG
TruSeq_Index43,TACAGC
TruSeq_Index44,TATAAT
TruSeq_Index45,TCATTC
TruSeq_Index46,TCCCGA
TruSeq_Index47,TCGAAG
TruSeq_Index48,TCGGCA
Next_Ad2.1,TAAGGCGA
Next_Ad2.2,CGTACTAG
Next_Ad2.3,AGGCAGAA
Next_Ad2.4,TCCTGAGC
Next_Ad2.5,GGACTCCT
Next_Ad2.6,TAGGCATG
Next_Ad2.7,CTCTCTAC
Next_Ad2.8,CAGAGAGG
Next_Ad2.9,GCTACGCT
Next_Ad2.10,CGAGGCTG
Next_Ad2.11,AAGAGGCA
Next_Ad2.12,GTAGAGGA
Next_Ad2.13,GTCGTGAT
Next_Ad2.14,ACCACTGT
Next_Ad2.15,TGGATCTG
Next_Ad2.16,CCGTTTGT
Next_Ad2.17,TGCTGGGT
Next_Ad2.18,GAGGGGTT
Next_Ad2.19,AGGTTGGG
Next_Ad2.20,GTGTGGTG
Next_Ad2.21,TGGGTTTC
Next_Ad2.22,TGGTCACA
Next_Ad2.23,TTGACCCT
Next_Ad2.24,CCACTCCT
P7_1A,CCTATA
P7_1B,TGCTAT
P7_2A,TATACT
P7_2B,ATCTTC
P7_3A,CGTGAT
P7_3B,ACATCG
P7_4A,GCCTAA
P7_4B,ATTGGC
P7_5A,TGGTCA
P7_5B,CACAGT
P7_6A,GATCTG
P7_6B,TCAAGT
P7_7A,CTGTAC
P7_7B,AGACTA
P7_8A,GTAGCC
P7_8B,TACAAG